CityID,Name,Cloudiness,Country,Date,Humidity,Lat,Lng,Temp,Wind Speed
3833859,Barrow,100,AR,1538240672,100,-38.31,-60.23,55,10.67
3874787,Punta Arenas,40,CL,1538236800,64,-53.16,-70.91,41.13,9.17
3369157,Cape Town,0,ZA,1538236800,63,-33.93,18.42,66.2,9.17
2128975,Nemuro,48,JP,1538240673,98,43.32,145.57,61.21,11.79
3573739,Esperance,75,TT,1538236800,66,10.24,-61.45,87.8,13.87
2377450,Nouakchott,0,MR,1538240673,98,18.08,-15.98,80.11,12.01
4034551,Faanui,92,PF,1538240673,100,-16.48,-151.75,76.6,7.2
3833367,Ushuaia,75,AR,1538236800,86,-54.81,-68.31,36.39,13.87
3372707,Ribeira Grande,20,PT,1538238600,56,38.52,-28.7,73.4,21.92
1507390,Dikson,56,RU,1538240674,76,73.51,80.55,44.92,24.09
2075265,Busselton,68,AU,1538240674,100,-33.64,115.35,56.89,16.15
2729907,Longyearbyen,40,NO,1538236200,68,78.22,15.63,26.6,2.24
3936456,Lima,0,PE,1538240674,79,-12.06,-77.04,67.51,3.18
5848280,Kapaa,40,US,1538236560,93,22.08,-159.32,77,6.93
1496073,Orlik,0,RU,1538240675,61,52.51,99.83,13.69,1.83
1512019,Aksarka,92,RU,1538240675,94,66.56,67.8,40.78,13.47
2068655,Katherine,0,AU,1538238600,43,-14.47,132.26,73.4,5.82
6170031,Tuktoyaktuk,90,CA,1538236800,92,69.44,-133.03,26.6,5.82
4030556,Rikitea,12,PF,1538240675,100,-23.12,-134.97,72.01,11.23
5969025,Haines Junction,0,CA,1538240675,88,60.75,-137.51,33.4,2.73
2155415,New Norfolk,75,AU,1538238600,61,-42.78,147.06,50,14.99
921786,Mitsamiouli,75,KM,1538236800,69,-11.38,43.28,78.8,5.82
1637510,Loa Janan,44,ID,1538240676,89,-0.58,117.09,78.13,2.17
3448903,Sao Joao da Barra,75,BR,1538236800,78,-21.64,-41.05,77,11.41
6185377,Yellowknife,75,CA,1538236800,96,62.45,-114.38,32,13.87
262462,Saint George,90,GR,1538238000,87,39.45,22.34,59,13.87
608872,Makat,8,KZ,1538240677,61,47.65,53.35,52.03,2.39
2396518,Port-Gentil,20,GA,1538236800,83,-0.72,8.78,82.4,6.93
1273574,Vaini,44,IN,1538240677,94,15.34,74.49,70.93,2.17
3355672,Luderitz,0,NA,1538240677,64,-26.65,15.16,66.7,10.22
3440714,Salto,90,UY,1538236800,55,-31.39,-57.96,89.6,26.4
3378644,Georgetown,75,GY,1538236800,63,6.8,-58.16,91.4,13.87
344979,Lebu,12,ET,1538240678,42,8.96,38.73,57.7,7.65
5106834,Albany,75,US,1538240100,53,42.65,-73.75,61.21,10.29
2630299,Hofn,24,IS,1538240678,94,64.25,-15.21,45.55,18.05
1006984,East London,40,ZA,1538236800,59,-33.02,27.91,62.6,10.29
3437029,San Patricio,8,PY,1538240679,55,-26.98,-56.83,91.18,10.45
2069194,Jamestown,0,AU,1538240462,77,-33.21,138.6,35.11,6.64
5924351,Clyde River,1,CA,1538236800,79,70.47,-68.59,23,6.93
3689450,Ataco,12,CO,1538240679,48,3.59,-75.38,80.2,2.95
4020109,Atuona,0,PF,1538240679,100,-9.8,-139.03,79.48,11.12
3985710,Cabo San Lucas,75,MX,1538235780,78,22.89,-109.91,83.37,3.36
1651810,Airai,0,TL,1538240680,85,-8.93,125.41,60.67,1.83
3014213,Guipavas,0,FR,1538238600,55,48.43,-4.4,61.54,12.75
5855927,Hilo,75,US,1538236380,90,19.71,-155.08,77,3.36
5880568,Bethel,1,US,1538236380,79,60.79,-161.76,51.08,10.29
3896218,Castro,44,CL,1538240684,100,-42.48,-73.76,43.03,7.2
8010472,Belmonte,0,PT,1538240684,52,40.36,-7.35,73.36,2.51
3097367,Jawor,0,PL,1538238600,57,51.05,16.19,51.8,2.24
1486321,Yar-Sale,92,RU,1538240685,100,66.83,70.83,43.57,19.84
2127202,Anadyr,90,RU,1538236800,93,64.73,177.51,50,38.03
3844421,Russell,20,AR,1538236800,49,-33.01,-68.8,69.8,2.24
4336153,Opelousas,75,US,1538239140,93,30.53,-92.08,76.53,6.93
4470244,Havelock,40,US,1538240040,69,34.88,-76.9,81.18,8.05
5919850,Chapais,75,CA,1538239020,73,49.78,-74.86,39.2,9.17
1684606,Taganak,75,PH,1538236800,88,6.08,118.3,82.4,5.82
5746545,Portland,90,US,1538236560,77,45.52,-122.67,56.16,3.36
3471451,Arraial do Cabo,75,BR,1538236800,74,-22.97,-42.02,79.68,11.41
3366880,Hermanus,0,ZA,1538240686,49,-34.42,19.24,59.41,4.97
1715015,Dicabisagan,92,PH,1538240686,100,17.08,122.42,76.69,6.64
1045114,Inhambane,75,MZ,1538236800,69,-23.87,35.38,75.2,24.16
3305808,Warmbad,0,DE,1538239800,62,50.67,13.08,50.56,3.36
3652764,Puerto Ayora,40,EC,1538236800,65,-0.74,-90.35,78.8,17.22
2110227,Butaritari,36,KI,1538240687,100,3.07,172.79,84.7,1.28
2063056,Port Augusta,0,AU,1538236800,81,-32.49,137.76,50,6.93
2163355,Hobart,75,AU,1538238600,61,-42.88,147.33,50,14.99
2027042,Batagay-Alyta,80,RU,1538240688,66,67.8,130.41,14.77,2.73
2123814,Leningradskiy,68,RU,1538240200,89,69.38,178.42,42.31,18.72
6068416,Mayo,20,CA,1538236800,85,63.59,-135.9,23,2.24
3529654,Dzilam Gonzalez,0,MX,1538240688,56,21.28,-88.93,91.45,5.64
1283285,Jumla,0,NP,1538240688,79,29.28,82.18,33.13,2.95
2036973,Heihe,20,RU,1538236800,75,50.24,127.51,44.6,6.71
4188985,Columbus,90,US,1538238900,70,32.46,-84.99,84.4,2.84
546105,Nikolskoye,40,RU,1538238600,65,59.7,30.79,41,4.47
4944903,Nantucket,1,US,1538238900,68,41.28,-70.1,67.8,4.7
2112802,Hasaki,75,JP,1538238600,100,35.73,140.83,63.3,9.17
3418910,Upernavik,64,GL,1538240689,100,72.79,-56.15,34.93,16.71
5882953,Aklavik,75,CA,1538236800,92,68.22,-135.01,22.64,2.24
6167817,Torbay,90,CA,1538236800,82,47.66,-52.73,69.91,13.87
3372472,Vila Franca do Campo,20,PT,1538238600,56,37.72,-25.43,73.4,19.46
964432,Port Alfred,0,ZA,1538240690,85,-33.59,26.89,63.82,13.24
1165108,Shikarpur,0,PK,1538240693,66,27.96,68.63,77.32,7.87
3899695,Ancud,92,CL,1538240693,90,-41.87,-73.83,45.01,7.65
616879,Ashnak,56,AM,1538238600,43,40.33,43.92,65.28,2.24
3352136,Windhoek,92,NA,1538236800,26,-22.57,17.08,83.98,8.05
3347019,Namibe,88,AO,1538240693,96,-15.19,12.15,69.67,4.63
2092164,Lorengau,0,PG,1538240694,100,-2.02,147.27,82.99,9.44
3728097,Les Cayes,0,HT,1538240694,94,18.19,-73.75,86.05,3.4
2028164,Deputatskiy,76,RU,1538240694,85,69.3,139.9,22.87,2.84
2013258,Vrangel,0,RU,1538240694,100,42.73,133.08,61.21,6.76
2162662,Inverell,0,AU,1538240694,76,-29.78,151.11,45.28,6.2
3838859,Rio Gallegos,75,AR,1538236800,42,-51.62,-69.22,46.4,11.41
3173615,Melfi,0,IT,1538236200,40,41,15.66,73.4,12.75
1682474,Ternate,40,PH,1538236800,94,14.29,120.72,82.4,2.24
3424607,Tasiilaq,20,GL,1538239800,38,65.61,-37.64,39.2,5.82
3352461,Usakos,0,NA,1538240695,57,-22,15.59,74.8,3.96
1015776,Bredasdorp,0,ZA,1538236800,59,-34.53,20.04,62.6,18.34
2022572,Khatanga,44,RU,1538240625,92,71.98,102.47,38.71,12.46
5861897,Fairbanks,1,US,1538236680,17,64.84,-147.72,33.08,10.29
6166739,Timmins,75,CA,1538238000,80,48.48,-81.33,41,12.75
3105522,Bereda,0,ES,1538238600,72,43.27,-7.54,68,5.82
6050066,La Ronge,90,CA,1538236800,74,55.1,-105.3,33.8,14.99
4035715,Avarua,75,CK,1538236800,73,-21.21,-159.78,69.8,2.24
3517970,Pochutla,75,MX,1538235660,70,15.74,-96.47,84.2,11.41
3347762,Lubango,20,AO,1538240697,56,-14.92,13.49,76.69,3.51
3440777,Rocha,92,UY,1538240697,98,-34.48,-54.34,69.4,13.47
3831208,Qaanaaq,36,GL,1538240697,100,77.48,-69.36,19.9,5.64
3421765,Nanortalik,64,GL,1538240697,93,60.14,-45.24,38.35,6.76
1244926,Hambantota,92,LK,1538240697,100,6.12,81.12,74.8,5.41
3453439,Ponta do Sol,92,BR,1538240697,50,-20.63,-46,82.99,5.08
2175403,Bluff,0,AU,1538240698,83,-23.58,149.07,62.56,6.53
3456248,Nortelandia,88,BR,1538240698,86,-14.45,-56.8,83.26,5.97
2035836,Manzhouli,24,CN,1538240698,84,49.6,117.43,39.43,5.41
6542155,Trapani,0,IT,1538238000,56,38.02,12.54,74.3,10.29
6089245,Norman Wells,75,CA,1538236800,92,65.28,-126.83,23,4.7
780687,Berlevag,48,NO,1538240699,100,70.86,29.09,35.56,16.37
3423146,Ilulissat,75,GL,1538239800,64,69.22,-51.1,35.6,14.99
469960,Vytegra,48,RU,1538240699,100,61.01,36.45,39.97,12.12
2147577,Clifton,80,AU,1538236800,87,-27.93,151.91,60.8,10.29
6138908,Saint-Philippe,75,CA,1538237700,67,45.36,-73.48,57.16,11.41
2121385,Severo-Kurilsk,36,RU,1538240700,100,50.68,156.12,46.18,8.66
2065594,Mount Isa,0,AU,1538238600,23,-20.73,139.49,75.2,10.29
3589805,San Marcos,75,GT,1538236800,70,14.97,-91.79,85.28,6.93
2126123,Chokurdakh,76,RU,1538240701,94,70.62,147.9,27.55,11.45
6355222,Yulara,32,AU,1538236800,26,-25.24,130.99,71.6,18.34
3863379,Mar del Plata,64,AR,1538240701,45,-46.43,-67.52,56.8,15.48
535839,Leshukonskoye,76,RU,1538240701,92,64.9,45.76,39.07,6.76
6096551,Pangnirtung,90,CA,1538236800,64,66.15,-65.72,35.6,17.22
4021858,Guerrero Negro,0,MX,1538240702,54,27.97,-114.04,83.8,3.62
3421319,Nuuk,75,GL,1538239800,56,64.17,-51.74,44.6,8.05
3374210,Sao Filipe,0,CV,1538240702,90,14.9,-24.5,80.47,10
5354943,Half Moon Bay,90,US,1538238900,72,37.46,-122.43,62.65,9.17
474470,Verkhnyaya Toyma,88,RU,1538240702,85,62.24,45,38.71,8.32
383388,Siaya,75,KE,1538236800,57,0.06,34.29,78.8,9.17
1272864,Dharchula,0,IN,1538240703,78,29.85,80.53,48.34,1.72
5563397,Eureka,90,US,1538238900,59,40.8,-124.16,62.82,11.41
1528998,Yumen,76,CN,1538240703,31,40.29,97.04,49.6,8.55
1736458,Kudat,75,MY,1538236800,94,6.89,116.84,77,1.12
4082866,Phenix City,90,US,1538238900,70,32.47,-85,84.4,2.84
6320062,Vila Velha,0,BR,1538240400,62,-3.71,-38.6,86,16.11
2012530,Zhigansk,44,RU,1538240704,100,66.77,123.37,33.67,2.84
4031637,Lavrentiya,88,RU,1538240704,90,65.58,-170.99,46.36,22.53
3456642,Mozarlandia,44,BR,1538240704,44,-14.74,-50.57,94.33,2.17
1524298,Aksu,0,KZ,1538238600,81,52.04,76.93,42.8,8.95
3443061,Chuy,48,UY,1538240705,88,-33.69,-53.46,74.44,17.38
1488903,Turukhansk,92,RU,1538240705,87,65.8,87.96,48.25,20.4
1282256,Hithadhoo,92,MV,1538240705,100,-0.6,73.08,81.46,10.67
2278158,Buchanan,92,LR,1538240706,100,5.88,-10.05,77.41,7.31
513328,Ozinki,0,RU,1538240706,75,51.2,49.73,51.94,6.87
1645528,Denpasar,20,ID,1538236800,88,-8.65,115.22,78.8,4.7
3421719,Narsaq,40,GL,1538239800,38,60.91,-46.05,42.8,5.82
6165406,Thompson,90,CA,1538236800,93,55.74,-97.86,35.6,11.41
3466165,Cidreira,0,BR,1538240707,74,-30.17,-50.22,80.2,15.48
5911745,Burns Lake,0,CA,1538240707,66,54.23,-125.76,39.52,10.78
2035601,Nenjiang,0,CN,1538240707,82,49.17,125.23,39.88,3.85
2109528,Buala,44,SB,1538240523,100,-8.15,159.59,78.31,3.62
2664454,Vasteras,92,SE,1538239800,62,59.62,16.55,52.68,20.8
1257908,Sabrum,0,IN,1538240708,98,23,91.73,78.31,2.51
1692685,Puerto Princesa,20,PH,1538240708,100,9.74,118.73,80.38,3.74
2158744,Margate,75,AU,1538238600,61,-43.03,147.26,50,14.99
1510689,Baykit,36,RU,1538240709,75,61.68,96.39,39.7,8.43
286621,Salalah,20,OM,1538236200,78,17.01,54.1,78.8,3.36
934649,Cap Malheureux,40,MU,1538236800,78,-19.98,57.61,73.4,11.41
1511361,Artyshta,0,RU,1538240709,75,54.12,86.29,40.15,6.31
1735902,Sibu,75,MY,1538236800,100,2.29,111.83,75.2,4.7
2033536,Yakeshi,12,CN,1538240710,86,49.28,120.73,36.73,6.2
1106677,Bambous Virieux,40,MU,1538236800,78,-20.34,57.76,73.4,11.41
5871146,Palmer,90,US,1538238960,93,61.6,-149.11,41.23,3.36
1865309,Katsuura,90,JP,1538235480,100,33.93,134.5,68,5.82
479071,Umba,8,RU,1538240517,100,66.69,34.34,39.43,12.68
6100069,Peace River,75,CA,1538236800,54,56.23,-117.29,32,10.29
2472431,Bin Qirdan,0,TN,1538240711,57,33.14,11.22,72.82,6.2
2126710,Beringovskiy,92,RU,1538240711,94,63.05,179.32,49.15,23.42
3382160,Cayenne,40,GF,1538238600,59,4.94,-52.33,89.6,9.17
3872175,San Ignacio,75,CL,1538236800,93,-36.8,-72.03,55.4,10.29
1259411,Ponnani,75,IN,1538238600,83,10.77,75.93,78.8,3.36
5606187,Saint Anthony,1,US,1538238360,46,43.97,-111.68,55.9,4.7
1014034,Carnarvon,0,ZA,1538240712,11,-30.97,22.13,53.83,5.75
2377457,Nouadhibou,0,MR,1538236800,69,20.93,-17.03,77,13.87
5379439,Ontario,40,US,1538239140,62,34.07,-117.65,66.74,8.05
2387926,Bouar,20,CF,1538240713,75,5.94,15.59,74.17,3.74
587876,Soe,80,EE,1538239800,80,57.91,26.05,41,8.05
3456277,Nobres,80,BR,1538240776,68,-14.72,-56.34,85.51,4.18
2059470,Victor Harbor,0,AU,1538238600,75,-35.55,138.62,46.4,2.24
1786060,Yuanping,0,CN,1538240714,53,38.72,112.71,37.27,5.75
3665202,Aripuana,0,BR,1538240715,42,-9.17,-60.63,96.58,3.18
315720,Elmadag,75,TR,1538238540,23,39.92,33.23,75.2,5.82
6541341,Porto Empedocle,20,IT,1538236500,64,37.29,13.53,75.2,13.87
3081752,Wladyslawowo,0,PL,1538240400,61,54.79,18.4,50,5.82
6201424,Mataura,92,NZ,1538240716,94,-46.19,168.86,43.66,2.95
1808106,Hongjiang,68,CN,1538240618,88,27.21,109.83,60.49,2.06
1808783,Xihe,88,CN,1538240716,70,34.02,105.29,45.82,3.62
113508,Takab,0,IR,1538240716,48,36.4,47.11,46.18,2.73
2077895,Alice Springs,0,AU,1538238600,37,-23.7,133.88,64.4,9.17
1006420,Ekuvukeni,0,ZA,1538240717,50,-28.47,30.16,59.68,9.44
2132606,Samarai,88,PG,1538240717,100,-10.62,150.67,76.15,16.49
3133895,Tromso,75,NO,1538239800,86,69.65,18.96,39.2,23.04
5367788,Lompoc,75,US,1538238900,82,34.64,-120.46,59.31,6.2
3698359,Chicama,90,PE,1538236800,77,-7.84,-79.15,66.2,11.41
1788852,Xining,92,CN,1538240659,65,36.62,101.77,33.31,2.62
1856392,Muroto,100,JP,1538240718,100,33.37,134.14,69.85,3.06
2019488,Namtsy,36,RU,1538240718,76,62.72,129.66,34.57,7.99
1796663,Bantou,0,CN,1538240718,85,26.22,117.49,61.75,2.84
2510573,Teguise,40,ES,1538238600,78,29.06,-13.56,77,5.82
3533462,Acapulco,75,MX,1538235900,70,16.86,-99.88,84.2,3.36
1259385,Port Blair,0,IN,1538240719,100,11.67,92.75,83.62,3.18
4501427,Port Elizabeth,1,US,1538240100,51,39.31,-74.98,74.5,8.05
1587923,Bien Hoa,40,VN,1538238600,94,10.95,106.82,80.6,1.12
3526756,Isla Mujeres,75,MX,1538235660,70,21.23,-86.73,86,11.41
3450083,Santa Maria,20,BR,1538236800,46,-29.69,-53.81,91.4,12.75
3696183,Iquitos,40,PE,1538236800,319,-3.75,-73.25,42.8,2.24
2439155,Tanout,64,NE,1538240720,23,14.97,8.88,94.6,6.31
110690,Faya,20,SA,1538236800,20,18.39,42.45,74.34,12.75
2063042,Port Hedland,40,AU,1538238600,73,-20.31,118.58,73.4,12.75
2127060,Arman,40,RU,1538236800,65,59.7,150.17,41,8.95
3374083,Bathsheba,20,BB,1538236800,70,13.22,-59.52,86,20.8
1803886,Lianran,90,CN,1538236800,100,24.92,102.47,57.2,2.84
352628,Matay,12,EG,1538240722,40,28.42,30.79,81.37,6.08
2360073,Hounde,12,BF,1538240722,82,11.5,-3.52,83.44,4.74
3346821,Ondjiva,48,AO,1538240722,17,-17.07,15.73,88.48,9.55
1250161,Batticaloa,80,LK,1538240722,100,7.71,81.69,76.78,3.74
4011743,Constitucion,90,MX,1538236080,88,23.99,-104.67,62.6,3.36
3412093,Vestmannaeyjar,20,IS,1538240400,87,63.44,-20.27,42.8,13.87
2122090,Pevek,92,RU,1538240723,100,69.7,170.27,39.79,7.87
3570675,Fort-de-France,40,MQ,1538238600,58,14.61,-61.07,86.61,14.99
1524606,Derzhavinsk,0,KZ,1538240723,57,51.1,66.31,47.62,9.66
1688687,San Quintin,48,PH,1538240724,88,17.54,120.52,69.31,3.18
6113406,Prince Rupert,1,CA,1538236800,46,54.32,-130.32,53.6,5.82
650705,Kalevala,20,FI,1538240728,92,64.12,29.58,38.17,8.99
2160063,Codrington,92,AU,1538240626,96,-28.95,153.24,59.23,3.74
2315026,Kasongo-Lunda,36,CD,1538240728,94,-6.48,16.82,72.46,1.95
1067565,Beloha,0,MG,1538240728,70,-25.17,45.06,73.54,12.91
1526038,Atbasar,0,KZ,1538240728,58,51.81,68.36,46.99,9.66
3840092,Puerto Madryn,0,AR,1538240729,68,-42.77,-65.04,60.4,6.42
2185329,Waipawa,8,NZ,1538240729,84,-39.94,176.59,39.43,6.64
227592,Katete,12,UG,1538240514,90,-0.78,29.75,63.82,0.94
2017155,Saskylakh,80,RU,1538240729,99,71.97,114.09,32.5,9.66
3449350,Sao Bento do Sul,92,BR,1538240462,91,-26.25,-49.38,69.94,4.41
1494941,Pirovskoye,0,RU,1538240742,70,57.63,92.27,47.08,7.43
2460954,Araouane,76,ML,1538240742,25,18.9,-3.53,93.88,2.95
2318123,Yenagoa,76,NG,1538240742,90,4.92,6.26,77.41,6.42
697183,Pyryatyn,76,UA,1538240742,96,50.24,32.51,48.25,13.02
2091996,Madang,64,PG,1538240743,99,-5.21,145.81,74.71,2.17
1489401,Toora-Khem,64,RU,1538240743,87,52.47,96.11,35.38,2.17
2147756,Swan Hill,0,AU,1538240588,90,-35.34,143.56,41.23,4.18
4407665,Kodiak,90,US,1538236380,82,39.95,-94.76,51.08,11.41
934322,Mahebourg,40,MU,1538236800,78,-20.41,57.7,73.4,11.41
779554,Honningsvag,56,NO,1538240743,100,70.98,25.97,37.99,21.18
3532499,Tecoanapa,75,MX,1538235900,70,16.99,-99.26,84.2,3.36
3190586,Paka,75,HR,1538238600,58,45.29,18.06,57.2,9.17
1490256,Talnakh,36,RU,1538240744,85,69.49,88.39,43.3,21.63
2206357,Opunake,8,NZ,1538240744,98,-39.45,173.86,50.86,11.79
2095925,Ialibu,0,PG,1538240745,96,-6.28,143.99,42.22,1.28
2033630,Xiongyue,12,CN,1538240745,96,40.18,122.12,44.02,1.95
3932145,Pisco,0,PE,1538236800,30,-13.71,-76.2,71.6,10.29
3870243,Taltal,0,CL,1538240745,71,-25.41,-70.49,70.12,3.18
5960603,Geraldton,90,CA,1538236800,64,49.72,-86.95,32,9.17
2618795,Klaksvik,92,FO,1538239800,87,62.23,-6.59,46.4,24.16
423328,Bururi,8,BI,1538240746,99,-3.95,29.62,75.52,2.62
315795,Elbistan,12,TR,1538240746,77,38.2,37.19,52.84,2.17
2155562,Nelson Bay,90,AU,1538238600,76,-32.72,152.14,51.8,6.93
1795632,Shenjiamen,36,CN,1538240747,90,29.96,122.3,74.89,31.14
4069458,Wagar,24,US,1538240747,71,31.44,-87.99,84.16,3.51
3839307,Rawson,0,AR,1538240747,41,-43.3,-65.11,65.08,13.47
2737599,Saldanha,0,PT,1538240747,47,41.42,-6.55,73.9,2.39
3723440,Kenscoff,36,HT,1538240747,86,18.45,-72.29,79.3,2.62
118063,Sabzevar,0,IR,1538236800,22,36.21,57.68,68,9.17
5859699,College,1,US,1538236680,17,64.86,-147.8,33.08,10.29
3888214,Mundo Nuevo,75,CL,1538240400,67,-32.72,-71.41,61.45,8.05
2018888,Novopokrovka,32,RU,1538240748,94,45.85,134.51,50.41,3.74
146639,Lasa,20,CY,1538238600,74,34.92,32.53,80.6,3.36
1835848,Seoul,0,KR,1538236800,77,37.57,126.98,61.77,2.24
3456763,Moreira Sales,68,BR,1538240749,58,-24.05,-53.01,85.33,11.12
915471,Kalabo,32,ZM,1538240749,14,-15,22.67,88.57,12.91
1254046,Tura,20,IN,1538240749,98,25.52,90.21,74.08,2.62
2094342,Kavieng,12,PG,1538240750,100,-2.57,150.8,83.44,6.53
2063036,Port Lincoln,8,AU,1538240750,100,-34.72,135.86,50.86,13.13
2156643,Mount Gambier,20,AU,1538240750,88,-37.83,140.78,43.93,2.51
2192093,Coromandel,0,NZ,1538238600,93,-36.76,175.5,44.6,4.7
3402429,Caucaia,0,BR,1538240400,62,-3.73,-38.66,86,16.11
1062663,Mahajanga,0,MG,1538236800,69,-15.72,46.32,78.8,9.17
2745088,Wageningen,40,NL,1538240100,66,51.98,5.66,55.44,1.12
2030065,Mandalgovi,0,MN,1538240754,92,45.76,106.27,30.79,12.01
1278969,Along,68,IN,1538240754,92,28.17,94.8,67.06,1.61
2508813,Adrar,0,DZ,1538236800,22,27.87,-0.29,91.4,4.7
3674735,Miraflores,64,CO,1538240754,58,5.2,-73.14,66.25,2.51
1013266,Clocolan,0,ZA,1538240755,45,-28.91,27.57,52.75,4.18
1106643,Quatre Cocos,40,MU,1538236800,78,-20.21,57.76,73.4,11.41
1805733,Jinchang,80,CN,1538240755,37,38.52,102.19,44.02,6.31
5403191,Tracy,1,US,1538236560,69,37.74,-121.43,62.47,4.63
2191562,Dunedin,92,NZ,1538240515,100,-45.87,170.5,43.84,3.51
5129852,Oneonta,0,US,1538240631,70,42.45,-75.06,59.95,4.41
2035707,Mujiayingzi,0,CN,1538240756,64,42.12,118.78,34.3,6.2
2013279,Vostok,64,RU,1538240756,95,46.45,135.83,41.05,1.95
1504382,Kargasok,92,RU,1538240756,68,59.06,80.87,49.24,11.68
3369174,Calvinia,0,ZA,1538240756,18,-31.47,19.78,55.27,4.74
3837056,San Luis,0,AR,1538240757,77,-33.3,-66.34,66.97,15.93
5864145,Homer,90,US,1538238960,92,59.64,-151.54,50,5.75
1214488,Meulaboh,80,ID,1538240757,100,4.14,96.13,77.59,4.41
4031574,Provideniya,92,RU,1538240758,86,64.42,-173.23,48.88,25.21
3435910,Buenos Aires,90,AR,1538236800,99,-34.61,-58.44,64.4,17.22
4013704,Laguna,75,MX,1538235720,78,27.52,-110.01,82.4,6.93
3429594,Reconquista,0,AR,1538240763,52,-29.14,-59.64,93.43,19.39
373141,Kaduqli,8,SD,1538240763,73,11.01,29.72,78.58,4.74
2455290,Kidal,80,ML,1538240763,27,18.44,1.41,91.81,5.53
1714733,Dingle,80,PH,1538240764,99,11,122.67,74.89,3.96
2121025,Srednekolymsk,88,RU,1538240826,92,67.46,153.71,34.93,7.99
962367,Richards Bay,80,ZA,1538240767,92,-28.77,32.06,64.27,7.99
3894426,Coihaique,90,CL,1538236800,61,-45.58,-72.07,38.93,8.05
4868907,Newton,90,US,1538238900,81,41.7,-93.05,49.42,8.05
5380437,Pacific Grove,40,US,1538238900,67,36.62,-121.92,60.17,5.82
1687186,Sarangani,0,PH,1538240768,99,5.4,125.46,82.45,3.51
364933,Umm Kaddadah,0,SD,1538240769,26,13.6,26.69,86.77,8.66
2270385,Camacha,40,PT,1538238600,60,33.08,-16.33,75.2,10.29
4732862,Nome,40,US,1538240100,91,30.04,-94.42,74.07,5.82
3996234,Lazaro Cardenas,5,MX,1538235660,56,28.39,-105.62,71.6,4.7
2654970,Brae,92,GB,1538239800,61,60.4,-1.35,51.01,25.28
5905393,Bonavista,88,CA,1538240770,82,48.65,-53.11,60.13,18.16
292223,Dubai,0,AE,1538236800,55,25.27,55.3,90.46,6.93
3421982,Maniitsoq,92,GL,1538240600,99,65.42,-52.9,36.73,16.15
3616594,San Rafael del Sur,40,NI,1538236800,70,11.85,-86.44,84.2,16.11
1852357,Shimoda,100,JP,1538240770,100,34.7,138.93,70.57,15.82
3037456,Saint-Joseph,0,FR,1538238600,39,43.56,6.97,77.58,3.36
556268,Ostrovnoy,12,RU,1538240770,88,68.05,39.51,28.18,9.22
1849876,Tateyama,92,JP,1538240770,100,36.66,137.31,55.18,1.95
74185,Jiblah,36,YE,1538240771,73,13.92,44.15,60.49,1.83
1855612,Nara,90,JP,1538238600,83,34.68,135.8,69.8,11.41
245338,Am Timan,0,TD,1538240771,56,11.04,20.28,83.53,4.97
2144528,Warrnambool,68,AU,1538240771,95,-38.38,142.48,52.3,8.1
5975004,High Level,75,CA,1538236800,54,58.52,-117.13,32,12.75
1489853,Tazovskiy,88,RU,1538240772,96,67.47,78.7,43.3,13.58
4696310,Harper,90,US,1538240100,82,30.3,-99.24,75.54,3.36
1894019,Jiazi,75,CN,1538236800,100,19.61,110.49,73.4,4.47
104515,Mecca,0,SA,1538240660,43,21.43,39.83,82.72,0.6
608270,Shubarshi,36,KZ,1538240772,81,48.59,57.19,51.85,6.42
371745,Kutum,92,SD,1538240773,19,14.2,24.66,86.5,7.99
3026644,Souillac,0,FR,1538238600,37,45.6,-0.6,71.6,12.75
3947322,La Libertad,0,PE,1538236800,12,-16.38,-71.56,69.8,10.29
3184264,Rreshen,0,AL,1538239800,27,41.77,19.88,75.2,3.36
146639,Emba,20,CY,1538240400,74,34.81,32.42,80.6,5.82
3347353,Menongue,92,AO,1538240774,24,-14.66,17.68,82.81,4.97
2032201,Bulgan,0,MN,1538240774,69,48.81,103.53,23.68,2.62
2074113,Collie,0,AU,1538240774,82,-33.36,116.15,51.49,13.69
3441894,Maldonado,90,UY,1538236800,93,-34.91,-54.96,60.8,10.29
1733782,Victoria,75,BN,1538238600,88,5.28,115.24,79.72,5.64
3571913,Marsh Harbour,56,BS,1538240775,99,26.54,-77.06,83.71,16.93
1650233,Banjar,56,ID,1538240775,95,-7.37,108.54,65.98,2.62
57000,Hobyo,92,SO,1538240776,90,5.35,48.53,77.68,10.11
496285,Severodvinsk,40,RU,1538238600,100,64.56,39.82,37.4,2.24
2267254,Lagoa,20,PT,1538238600,65,37.14,-8.45,77,5.82
2980080,Saint-Francois,0,FR,1538238600,45,46.42,3.91,68,4.7
501847,Rochegda,32,RU,1538240777,82,62.67,43.41,37.27,6.76
5554428,Ketchikan,1,US,1538236560,71,55.34,-131.65,55.27,9.17
2311127,Tshela,100,CD,1538240777,69,-4.99,12.94,80.38,5.41
2180815,Tuatapere,44,NZ,1538240778,100,-46.13,167.69,44.83,6.98
2022317,Khor,12,RU,1538240778,88,47.88,134.96,42.49,2.62
877702,Nachingwea,0,TZ,1538240778,61,-10.37,38.76,72.28,4.97
2112576,Ishinomaki,92,JP,1538240778,100,38.42,141.3,66.97,22.64
5983607,Inuvik,40,CA,1538236800,92,68.36,-133.71,23.27,5.82
1346493,Nuristan,0,UZ,1538238600,37,38.49,65.64,68,2.24
991664,Kathu,8,ZA,1538240779,27,-27.7,23.05,68.41,6.42
1254709,Tezu,56,IN,1538240842,86,27.93,96.16,67.33,0.94
1337605,Mahibadhoo,56,MV,1538240780,99,3.78,72.97,83.71,16.82
1520253,Zharkent,0,KZ,1538240780,66,44.17,80,34.39,3.4
5915327,Cap-aux-Meules,75,CA,1538236800,76,47.38,-61.86,57.2,16.11
2139521,Noumea,40,NC,1538238600,82,-22.28,166.46,62.6,1.12
1490796,Strezhevoy,90,RU,1538238600,93,60.73,77.6,42.8,8.95
3427208,Pilar,90,AR,1538236800,88,-34.46,-58.91,64.4,12.75
3464008,Esmeraldas,40,BR,1538236800,51,-19.76,-44.31,84.2,10.29
5914132,Campbell River,75,CA,1538236800,93,50.02,-125.24,53.76,3.36
3860443,Comodoro Rivadavia,20,AR,1538236800,30,-45.87,-67.48,59,17.22
2021017,Kysyl-Syr,92,RU,1538240781,99,63.9,122.77,36.64,2.95
3470674,Barra dos Coqueiros,40,BR,1538240400,62,-10.91,-37.04,84.2,16.11
4267710,Sitka,44,US,1538240782,80,37.17,-99.65,62.11,5.41
1486910,Komsomolskiy,92,RU,1538240782,96,67.55,63.78,36.1,16.49
1488741,Tyumentsevo,0,RU,1538240782,59,53.32,81.5,45.1,9.66
3392734,Paulo Afonso,20,BR,1538236800,28,-9.4,-38.23,95,5.82
2020591,Magdagachi,0,RU,1538240687,58,53.45,125.8,42.76,6.42
347796,Sohag,80,EG,1538240783,40,26.55,31.7,84.97,4.41
5293083,Douglas,1,US,1538236560,38,31.34,-109.55,73.94,3.36
2995603,Saint-Pierre,0,FR,1538238600,36,48.95,4.24,61.81,13.87
4739226,Vidor,40,US,1538240100,91,30.13,-94.02,74.37,5.82
2339937,Auki,0,NG,1538240784,72,12.18,6.51,81.55,2.73
3572906,Andros Town,75,BS,1538236800,66,24.73,-77.79,86,16.11
3420846,Qaqortoq,40,GL,1538239800,38,60.72,-46.03,42.8,5.82
3931275,Chupa,0,PE,1538236800,9,-15.11,-69.99,59,2.24
2633808,Winslow,0,GB,1538240160,54,51.94,-0.88,60.6,8.05
525426,Sobolevo,0,RU,1538240785,87,54.43,31.9,35.65,5.75
4062577,Florence,75,US,1538240100,64,34.8,-87.68,76.82,8.05
4033543,Teahupoo,20,PF,1538238600,73,-17.83,-149.27,73.4,2.24
3141548,Rognan,75,NO,1538239800,81,67.1,15.4,44.6,13.87
3354077,Opuwo,0,NA,1538240786,21,-18.06,13.84,76.96,4.63
5391959,San Francisco,90,US,1538238900,72,37.78,-122.42,62.64,9.17
6050194,La Sarre,48,CA,1538240787,99,48.8,-79.2,44.92,8.77
3372760,Praia da Vitoria,20,PT,1538236800,73,38.73,-27.07,75.2,14.58
2019199,Nizhneangarsk,0,RU,1538240788,89,55.78,109.57,33.67,3.18
1510377,Belyy Yar,0,RU,1538238600,100,53.6,91.39,44.6,2.24
5849996,Lahaina,75,US,1538237460,94,20.87,-156.68,76.93,11.41
1799574,Nanzhang,76,CN,1538240788,71,31.78,111.84,55.9,2.62
3377301,Mabaruma,44,GY,1538240788,70,8.2,-59.78,88.03,8.43
1809461,Guiyang,40,CN,1538236800,93,26.58,106.71,59,4.47
503581,Pyaozerskiy,12,RU,1538240788,100,65.83,31.17,36.55,10.22
3174050,Mantua,0,IT,1538238000,41,45.16,10.79,75.22,8.05
1701054,Marawi,0,PH,1538240789,97,8,124.29,64,2.39
3437443,Pozo Colorado,0,PY,1538240789,58,-23.49,-58.8,93.34,22.53
5786882,Bellevue,90,US,1538238720,100,47.61,-122.19,54.55,3.36
128831,Kangavar,0,IR,1538240791,61,34.5,47.96,49.42,2.17
3404558,Cabedelo,75,BR,1538236800,66,-6.97,-34.84,84.2,14.99
1621395,Kalianget,0,ID,1538240791,90,-7.35,109.91,61.39,2.62
3446880,Tapes,0,BR,1538240592,68,-30.67,-51.4,85.24,10.45
2294915,Takoradi,64,GH,1538240791,97,4.89,-1.75,77.86,7.76
3996893,Caborca,0,MX,1538240791,39,30.58,-111.1,87.31,3.85
3981391,Tomatlan,24,MX,1538240792,75,19.93,-105.25,85.51,2.73
591472,Lehola,0,EE,1538239800,70,59.29,24.33,44.6,8.05
3460087,Jardim,88,BR,1538240749,58,-21.48,-56.15,84.88,16.04
107304,Buraydah,0,SA,1538236800,16,26.33,43.97,95,8.05
7671223,Kloulklubed,90,PW,1538236200,83,7.04,134.26,80.6,10.29
6078372,Moose Factory,75,CA,1538239140,70,51.26,-80.61,44.6,10.29
3386177,Trairi,0,BR,1538240604,100,-3.28,-39.27,79.57,18.5
2079582,Alyangula,0,AU,1538240793,100,-13.85,136.42,75.7,11.01
5983720,Iqaluit,90,CA,1538236800,100,63.75,-68.52,33.8,8.05
1073482,Anjozorobe,40,MG,1538238600,67,-18.4,47.88,62.6,12.75
1267390,Kavaratti,24,IN,1538240793,100,10.57,72.64,81.55,8.66
5850554,Makakilo City,40,US,1538237940,96,21.35,-158.09,74.84,6.98
2136150,Luganville,100,VU,1538240794,100,-15.51,167.18,77.59,22.08
2161376,Kingaroy,92,AU,1538240794,56,-26.54,151.84,59.05,11.45
5847486,Kailua,40,US,1538237940,96,21.39,-157.74,74.75,6.98
2176639,Batemans Bay,0,AU,1538240794,100,-35.71,150.18,44.65,5.41
5847411,Kahului,75,US,1538237460,97,20.89,-156.47,76.41,6.93
3543299,Puerto Padre,40,CU,1538236200,55,21.2,-76.61,87.8,13.87
3702269,Bisira,56,PA,1538240574,87,8.52,-81.71,77.41,2.28
5866063,Kenai,75,US,1538239020,100,60.55,-151.26,37.31,3.36
60019,Eyl,24,SO,1538240795,94,7.98,49.82,76.06,15.48
2027740,Amurzet,24,CN,1538240795,89,47.69,131.09,50.14,2.73
3115739,Naron,0,ES,1538240400,77,43.52,-8.15,66.2,6.93
532096,Makhachkala,0,RU,1538238600,77,42.98,47.5,62.6,4.47
2112444,Kamaishi,92,JP,1538240795,100,39.28,141.86,62.47,11.23
1637001,Biak,24,ID,1538240796,97,-0.91,122.88,75.88,5.19
1706889,Puro,92,PH,1538240796,96,13.13,123.76,77.95,4.52
3401148,Cururupu,0,BR,1538240796,54,-1.82,-44.87,90.37,13.47
216281,Kabare,68,RW,1538240796,99,-1.65,29.38,59.5,2.06
7064006,Tongchuan,0,CN,1538236800,77,34.9,108.95,62.6,4.85
3893656,Copiapo,0,CL,1538236800,63,-27.37,-70.33,64.4,10.29
3841490,Pergamino,48,AR,1538240796,87,-33.9,-60.57,62.83,24.09
5937073,Deep River,75,CA,1538236860,71,46.1,-77.49,53.6,4.7
1268865,Jodhpur,48,IN,1538240665,49,26.3,73.04,77.5,2.95
72181,Marzuq,24,YE,1538240797,54,14.4,46.47,64.45,2.95
2082539,Merauke,0,ID,1538240797,88,-8.49,140.4,74.8,18.16
2124611,Kholodnyy,80,RU,1538240797,81,62.72,147.95,23.23,13.69
1259091,Kollam,40,IN,1538236800,94,8.88,76.6,78.8,3.36
2036581,Jiamusi,0,CN,1538240797,93,46.81,130.37,46.36,2.62
4015022,Castanos,92,MX,1538235600,65,26.78,-101.42,80.6,3.4
2288105,Grand-Lahou,76,CI,1538240798,82,5.24,-5,79.3,6.42
2062276,Roebourne,36,AU,1538240798,75,-20.77,117.15,63.55,9.78
3573197,Hamilton,40,BM,1538236500,78,32.3,-64.78,82.4,13.87
1218612,Murgab,0,TM,1538236800,37,37.5,61.97,71.6,3.96
3451138,Rio Grande,20,BR,1538236800,70,-32.03,-52.1,84.2,12.75
2126682,Bilibino,92,RU,1538240798,100,68.06,166.44,34.48,4.18
4372777,Vardo,40,US,1538240100,56,39.62,-77.74,70.2,8.05
2208248,Kaitangata,92,NZ,1538240799,95,-46.28,169.85,44.47,4.07
3674702,Miranda,40,CO,1538236800,45,3.25,-76.23,86,5.82
2122783,Katangli,92,RU,1538240799,99,51.71,143.23,49.42,10
2161515,Kiama,0,AU,1538236800,87,-34.67,150.86,42.8,4.7
3622537,Parrita,20,CR,1538236800,65,9.52,-84.33,78.82,10.29
2425791,Sarh,20,TD,1538236800,74,9.14,18.39,78.8,11.41
3028205,Caudry,0,FR,1538238600,47,50.12,3.41,57.79,10.29
1789001,Kaihua,0,CN,1538240800,90,29.14,118.41,56.98,3.06
153046,Msanga,0,TZ,1538236800,44,-6.04,36.03,77,18.34
6050610,Laval,40,CA,1538236800,71,45.58,-73.75,57.2,12.75
118367,Hasanabad,20,IR,1538238600,21,35.37,51.24,75.04,6.93
2126199,Cherskiy,92,RU,1538240801,92,68.75,161.3,34.75,6.98
2446796,Bilma,76,NE,1538240801,18,18.69,12.92,92.17,4.41
204953,Tshikapa,0,CD,1538240801,84,-6.42,20.79,76.6,2.95
5528182,Pecos,90,US,1538240100,71,31.42,-103.49,71.31,8.05
6180550,Whitehorse,5,CA,1538236800,92,60.72,-135.06,26.6,4.7
1242110,Kalmunai,76,LK,1538240802,100,7.42,81.82,74.98,3.06
1515029,Ulaangom,88,MN,1538240802,86,49.98,92.07,35.83,1.83
3416888,Grindavik,75,IS,1538238600,75,63.84,-22.43,41,21.92
3156868,Folldal,12,NO,1538240802,84,62.14,10,37.18,10
2991771,Guerande,0,FR,1538238600,54,48.47,-4.17,61.11,10.29
2136825,Isangel,92,VU,1538240802,100,-19.55,169.27,71.2,15.82
2129072,Kushiro,80,JP,1538240803,91,43.11,144.15,48.07,2.17
2374311,Cacheu,92,GW,1538236800,94,12.27,-16.16,77,9.17
1529484,Hami,92,CN,1538240803,53,42.84,93.51,53.2,7.76
88319,Benghazi,88,LY,1538240803,100,32.12,20.07,74.71,12.01
2120612,Tigil,12,RU,1538240803,90,57.8,158.67,38.62,11.12
6322184,Porto Novo,75,BR,1538236800,61,-23.68,-45.44,78.8,4.7
5009004,Sault Sainte Marie,90,CA,1538239620,75,46.49,-84.36,44.89,8.05
1799686,Tongzi,92,CN,1538240804,94,28.78,105.09,66.25,2.17
3452925,Niteroi,0,BR,1538236800,55,-29.95,-51.16,86,10.29
4597948,Sumter,75,US,1538240160,66,33.92,-80.34,81.43,8.05
779622,Havoysund,20,NO,1538239800,69,71,24.66,37.4,31.09
2316473,Bosobolo,20,CD,1538240804,90,4.19,19.88,77.05,0.94
2414926,Telimele,64,GN,1538240804,100,10.9,-13.03,74.98,4.52
3172402,Nago,0,IT,1538238000,41,45.88,10.89,75.2,8.05
2090021,Namatanai,0,PG,1538240805,100,-3.66,152.44,81.73,15.48
1280037,Shache,8,CN,1538240646,34,38.42,77.24,52.3,8.99
5815136,Washougal,90,US,1538239980,72,45.58,-122.35,57.07,4.7
1513990,Gazli,0,UZ,1538240806,44,40.13,63.45,66.43,10.33
588365,Vao,88,EE,1538240869,81,59.1,26.19,41.95,9.44
2068110,Kununurra,0,AU,1538238600,69,-15.77,128.74,73.4,5.82
1254177,Trimbak,0,IN,1538240807,88,19.93,73.53,69.67,2.51
2246901,Oussouye,68,SN,1538236800,94,12.49,-16.54,77,9.17
559643,Gorodishche,92,RU,1538240807,99,53.27,45.7,44.02,4.63
685981,Manta,88,RO,1538240808,88,45.1,24.1,55.54,2.73
2014743,Tygda,0,RU,1538240808,56,53.11,126.33,43.84,5.97
2194098,Ahipara,0,NZ,1538240808,100,-35.17,173.16,40.87,3.74
1638775,Payo,24,ID,1538240808,49,-3.75,103.64,82.63,10.22
3141667,Roald,40,NO,1538239800,76,62.58,6.12,49.95,33.33
693581,Slavuta,0,UA,1538240808,75,50.3,26.87,43.21,6.98
4017924,Ayutla,56,MX,1538240809,88,20.13,-104.35,67.6,3.4
5954718,Flin Flon,75,CA,1538236800,69,54.77,-101.88,37.4,10.29
1735634,Kuching,75,MY,1538238600,94,1.56,110.34,75.2,2.95
6620339,Karratha,36,AU,1538240809,75,-20.74,116.85,63.55,9.78
2173911,Broken Hill,0,AU,1538240809,75,-31.97,141.45,39.97,7.43
3646869,Cantaura,12,VE,1538240809,64,9.31,-64.36,88.3,13.8
53654,Mogadishu,76,SO,1538240809,100,2.04,45.34,78.22,14.58
2450173,Taoudenni,12,ML,1538240810,16,22.68,-3.98,94.24,4.18
2313002,Matadi,44,CD,1538240810,64,-5.83,13.46,82.45,8.21
304827,Manisa,75,TR,1538238000,65,38.62,27.43,78.03,10.29
2122614,Ekhabi,68,RU,1538240810,83,53.51,142.97,43.57,5.97
1253628,Lata,0,IN,1538240811,100,30.78,78.62,47.17,1.72
2663536,Hov,75,SE,1538239800,76,56.9,14.81,50,13.87
3461370,Imbituba,20,BR,1538236800,73,-28.24,-48.67,77,14.99
3351663,Benguela,8,AO,1538240811,95,-12.58,13.4,71.38,1.95
2447513,Arlit,12,NE,1538240811,17,18.74,7.39,91.36,0.72
1814093,Dali,92,CN,1538240811,100,25.6,100.24,58.42,1.61
5225857,Aberdeen,90,US,1538239980,88,45.47,-98.49,41,10.29
1024552,Xai-Xai,76,MZ,1538240812,90,-25.04,33.64,72.37,25.32
2242885,Camabatela,36,AO,1538240812,98,-8.19,15.37,66.16,2.39
2303611,Axim,24,GH,1538240584,98,4.87,-2.24,78.58,9.78
3981460,Coahuayana,0,MX,1538240812,73,18.62,-100.35,78.58,2.95
3430443,Necochea,100,AR,1538240812,100,-38.55,-58.74,56.26,20.51
2120047,Ust-Omchug,92,RU,1538240813,83,61.13,149.63,26.56,4.07
6160806,Sylvan Lake,75,CA,1538237520,80,52.31,-114.09,33.8,8.05
2513983,Mazarron,0,ES,1538238600,57,37.6,-1.31,80.01,9.17
1258455,Ranikhet,0,IN,1538240813,87,29.65,79.42,64.63,2.39
3031582,Saint-Augustin,0,FR,1538238600,36,44.83,-0.61,71.19,6.93
1848976,Wajima,100,JP,1538240521,100,37.4,136.9,65.35,5.41
3454606,Arraias,12,BR,1538240813,21,-12.93,-46.94,100.9,6.31
1488074,Ust-Tarka,56,RU,1538240813,61,55.56,75.71,53.11,20.18
5895424,Bay Roberts,75,CA,1538236800,73,47.58,-53.28,69.69,13.87
